{
    "('comix3', 'dur', 0)": [
        0.08809826325501914,
        0.43154561637659333,
        0.09934449597342544,
        0.04235422449493444,
        0.11521074615537209,
        0.15214138190230095,
        0.03929566573553695,
        0.01673531162307887,
        0.015274294483738871
    ],
    "('comix3', 'dur', 1)": [
        0.08509428578783508,
        0.44751214551735935,
        0.11295294838903044,
        0.0443367006692268,
        0.1021230901914298,
        0.1303105493681332,
        0.04127512334395695,
        0.02119162165299068,
        0.01520353508003768
    ],
    "('comix3', 'dur', 2)": [
        0.0770899662005191,
        0.47265742175481174,
        0.12202026100354198,
        0.040913031394339404,
        0.09273375333992666,
        0.12137261134279421,
        0.036507765677088556,
        0.023136414952990045,
        0.013568774333988414
    ],
    "('comixa', 'dur', 0)": [
        0.10248903682975803,
        0.18178154207161568,
        0.13974715794674059,
        0.11994099009379351,
        0.1453015687039747,
        0.1723351789296103,
        0.11435772321848633,
        0.01874751715781385,
        0.005299285048207065
    ],
    "('comixa', 'dur', 1)": [
        0.08499891858384337,
        0.12899466925944472,
        0.15862146891755727,
        0.13426781776412353,
        0.12993205107205316,
        0.16509350089232072,
        0.11972867846584473,
        0.05110523370226679,
        0.027257661342545727
    ],
    "('comixa', 'dur', 2)": [
        0.07430934426580714,
        0.09658841615864097,
        0.17094397114683638,
        0.12511762497704776,
        0.12117581912761495,
        0.14553817229213645,
        0.10907634406817013,
        0.09727455528885502,
        0.05997575267489107
    ],
    "('comixb', 'dur', 0)": [
        0.15778787996284774,
        0.23277996389717512,
        0.0939350934277348,
        0.08149299751136065,
        0.16392247800245616,
        0.1535655846681333,
        0.06707403517641321,
        0.03173847223077816,
        0.01770349512310099
    ],
    "('comixb', 'dur', 1)": [
        0.11145238185993465,
        0.16540014465712788,
        0.09024956179051156,
        0.09844423751216652,
        0.1353099840252332,
        0.14168602105923386,
        0.10679649925454776,
        0.09219126059215864,
        0.058469909249085975
    ],
    "('comixb', 'dur', 2)": [
        0.10568038864608136,
        0.13291748109195373,
        0.08123547207204307,
        0.10138560363802283,
        0.12058344917243369,
        0.1314873519186237,
        0.11813872067683448,
        0.13009440332305988,
        0.0784771294609475
    ],
    "('poly', 'dur', 0)": [
        0.01117505757140878,
        0.08187821560678069,
        0.6798615928095937,
        0.062965671068885,
        0.04305924456903019,
        0.07245376737433809,
        0.025013812772394867,
        0.005218208796886805,
        0.018374429430681682
    ],
    "('poly', 'dur', 1)": [
        0.012252995083133192,
        0.11774389139862881,
        0.6146914786489183,
        0.07364356522929635,
        0.052374625929118374,
        0.07560241048012503,
        0.029390866415255665,
        0.007363000794730651,
        0.01693716602079372
    ],
    "('poly', 'dur', 2)": [
        0.011767820563715354,
        0.0948560669236751,
        0.6359458333948147,
        0.0726609461919485,
        0.05067916197474182,
        0.07563216268008521,
        0.02918569760798431,
        0.007794065277501976,
        0.02147824538553302
    ],
    "('comix3', 'nodur', 0)": [
        0.07406655481831229,
        0.2231907014125489,
        0.1851712575029938,
        0.08256015358963288,
        0.06749323392222517,
        0.05988060909237325,
        0.06286345710670892,
        0.1543449551103414,
        0.0904290774448634
    ],
    "('comix3', 'nodur', 1)": [
        0.07797913259803767,
        0.20723292109985827,
        0.16251626392885085,
        0.08888233103323441,
        0.07146905954679081,
        0.06297813112534044,
        0.06840562488996071,
        0.16123458219149803,
        0.09930195358642889
    ],
    "('comix3', 'nodur', 2)": [
        0.08235787634696858,
        0.19398004931923493,
        0.15038429934422012,
        0.08981101538524593,
        0.07490661673338542,
        0.0635796844261079,
        0.06938026252480292,
        0.16933621662151466,
        0.1062639792985196
    ],
    "('comixa', 'nodur', 0)": [
        0.017047947507461626,
        0.030610527249852935,
        0.026878975194313724,
        0.12530073234497446,
        0.10304262108761174,
        0.1156160518390395,
        0.16689859430731238,
        0.25442494507277763,
        0.16017960539665596
    ],
    "('comixa', 'nodur', 1)": [
        0.01709387719274927,
        0.030452953683070286,
        0.02734146617349269,
        0.13384425031792493,
        0.10071091579342627,
        0.11258101342115226,
        0.1618991407992322,
        0.2548486259634774,
        0.1612277566554746
    ],
    "('comixa', 'nodur', 2)": [
        0.01896464672632207,
        0.031783190203388684,
        0.029021268184120357,
        0.13439699426661605,
        0.10274518194263957,
        0.11675679202423025,
        0.1577767940752659,
        0.2504111234013489,
        0.15814400917606833
    ],
    "('comixb', 'nodur', 0)": [
        0.03596094952227346,
        0.03865450044861817,
        0.04348113099306741,
        0.13787151469067746,
        0.08331301342476476,
        0.10608036038884229,
        0.18147563843463127,
        0.25085525037357836,
        0.12230764172354668
    ],
    "('comixb', 'nodur', 1)": [
        0.037610305090698896,
        0.04085599967775493,
        0.04475854973775771,
        0.1366872299267749,
        0.08657966462577737,
        0.10744736223397093,
        0.17536312161847814,
        0.24561003538616635,
        0.12508773170262072
    ],
    "('comixb', 'nodur', 2)": [
        0.037930591561857005,
        0.041592939594649436,
        0.04440044746050626,
        0.13780061579870972,
        0.08665752007161062,
        0.10438136459856351,
        0.1694907946807911,
        0.24268167466920723,
        0.13506405156410525
    ],
    "('poly', 'nodur', 0)": [
        0.02126025162462492,
        0.10455371235631636,
        0.37157880777119234,
        0.16746539641143854,
        0.10489347501747034,
        0.112377731428456,
        0.06736661366846439,
        0.027953762720452652,
        0.022550249001584442
    ],
    "('poly', 'nodur', 1)": [
        0.01844753119692518,
        0.10425925209793481,
        0.400831388415069,
        0.15386753890577382,
        0.09857698278536256,
        0.10700037742377645,
        0.06436379171625362,
        0.02851607284337556,
        0.02413706461552886
    ],
    "('poly', 'nodur', 2)": [
        0.01951392296108908,
        0.12668953322440635,
        0.35611378745898303,
        0.15620495939625645,
        0.10434523381048226,
        0.11129350677534881,
        0.07059342307422167,
        0.02922250942404352,
        0.02602312387516869
    ],
    "('comix3', 'sbm_dur', 0)": [
        0.13886249757003727,
        0.18262701379027552,
        0.0810826740083121,
        0.09712125774420315,
        0.18129578347768846,
        0.15658426174372883,
        0.08140503232058836,
        0.041765606006960054,
        0.039255873338206244
    ],
    "('comix3', 'sbm_dur', 1)": [
        0.11997027186978204,
        0.196628403448032,
        0.09540689807767642,
        0.09164707056135368,
        0.1638902859605194,
        0.15594666675336805,
        0.08248026939524232,
        0.05301921461923107,
        0.04101091931479498
    ],