{
    "('comix3', 'dur', 0)": [
        0.054859972796707714,
        0.011997349422801942,
        0.053290552087329544,
        0.12018275032260314,
        0.7596693753705577
    ],
    "('comix3', 'dur', 1)": [
        0.1267039824312381,
        0.024920324593588474,
        0.10791665550764616,
        0.1351134202844211,
        0.6053456171831061
    ],
    "('comix3', 'dur', 2)": [
        0.1831599100973945,
        0.03545325896944976,
        0.13946557895613088,
        0.1393323899109298,
        0.5025888620660951
    ],
    "('comixa', 'dur', 0)": [
        0.003994272364157057,
        0.004182681437938051,
        0.01153063531539679,
        0.0837666742030296,
        0.8965257366794784
    ],
    "('comixa', 'dur', 1)": [
        0.050044204261041725,
        0.04842545667359822,
        0.06824888866752168,
        0.13885118728909587,
        0.6944302631087426
    ],
    "('comixa', 'dur', 2)": [
        0.15832508723503985,
        0.10869225561168688,
        0.09777268545041057,
        0.10591462250230022,
        0.5292953492005624
    ],
    "('comixb', 'dur', 0)": [
        0.03537303664921466,
        0.015641361256544497,
        0.05710078534031413,
        0.11590314136125655,
        0.7759816753926703
    ],
    "('comixb', 'dur', 1)": [
        0.1506171426936884,
        0.06058439050901757,
        0.1569244411390323,
        0.10882592714426693,
        0.5230480985139948
    ],
    "('comixb', 'dur', 2)": [
        0.2545510378381491,
        0.08679839166274818,
        0.17759843388639918,
        0.08711506904526567,
        0.3939370675674379
    ],
    "('poly', 'dur', 0)": [
        0.0025363544132566795,
        0.007059519783564424,
        0.0301403449442002,
        0.16444031112614133,
        0.7958234697328374
    ],
    "('poly', 'dur', 1)": [
        0.002511866403353775,
        0.007778124242109276,
        0.03523542251325226,
        0.1777708484911479,
        0.7767037383501368
    ],
    "('poly', 'dur', 2)": [
        0.0028545971990346273,
        0.008927103967890105,
        0.03889172426321116,
        0.19098120290995907,
        0.758345371659905
    ],
    "('comix3', 'sbm_dur', 0)": [
        0.029245069145318516,
        0.006995498267318715,
        0.029115522881108913,
        0.18700003238656607,
        0.7476438773196877
    ],
    "('comix3', 'sbm_dur', 1)": [
        0.09449947366418507,
        0.01656372468197902,
        0.05836620289928596,
        0.22301419204281706,
        0.6075564067117327
    ],
    "('comix3', 'sbm_dur', 2)": [
        0.24833084205281514,
        0.03364225211758844,
        0.07341637601727288,
        0.1905065603720312,
        0.4541039694402923
    ],
    "('comixa', 'sbm_dur', 0)": [
        0.004766949152542373,
        0.005429025423728814,
        0.012413930084745759,
        0.1350966631355932,
        0.8422934322033899
    ],
    "('comixa', 'sbm_dur', 1)": [
        0.031237120899900602,
        0.03077650367281631,
        0.039552473999369675,
        0.1859560231763194,
        0.712477878251594
    ],
    "('comixb', 'sbm_dur', 0)": [
        0.011988923277406744,
        0.006287669001466038,
        0.023228538849975566,
        0.13041211923766086,
        0.8280827496334907
    ],
    "('comixb', 'sbm_dur', 1)": [
        0.10504695546804,
        0.03196607088760982,
        0.060369584974250226,
        0.1590305967888519,
        0.6435867918812481
    ],
    "('poly', 'sbm_dur', 0)": [
        0.0030089408528198073,
        0.01074621733149931,
        0.04264099037138926,
        0.2261004126547456,
        0.717503438789546
    ],
    "('poly', 'sbm_dur', 1)": [
        0.003866796591032125,
        0.012095339736748485,
        0.05026835568341763,
        0.2405611495212906,
        0.6932083584675112
    ],
    "('poly', 'sbm_dur', 2)": [
        0.0037359128183664294,
        0.014602613588801563,
        0.057418344727092355,
        0.26402517478181337,
        0.6602179540839263
    ]
}