{"comix3dur0": [0.04303440481792113, 0.00865544229654074, 0.04043321819486292, 0.1761539784247751, 0.7317229562659001], "comix3dur1": [0.0545928170922237, 0.01070649356957103, 0.04650051722274318, 0.19903996467920615, 0.689160207436256], "comix3dur2": [0.08377147778101963, 0.015424047809138735, 0.057486674378751844, 0.21234382474457894, 0.6309739752865108], "comixadur0": [0.016213985112869905, 0.01738641998830801, 0.029544369158346927, 0.10583796280942177, 0.8310172629310534], "comixadur1": [0.05622173458697051, 0.045620861175932774, 0.050693367285915475, 0.11180397349550399, 0.7356600634556772], "comixadur2": [0.0679091006478533, 0.05202387694088197, 0.053367742592417985, 0.10894133423863106, 0.7177579455802157], "comixbdur0": [0.037214620411127386, 0.015301137272737554, 0.047795968457086196, 0.12111542819105006, 0.7785728456679989], "comixbdur1": [0.09640100956888471, 0.03209160350006104, 0.07025928455995507, 0.12623404751838926, 0.6750140548527099], "comixbdur2": [0.12083117608680652, 0.03716010113900204, 0.07338817252359524, 0.1237073816225211, 0.644913168628075], "polydur0": [0.0031510187561814545, 0.01082489794965661, 0.047036035705199215, 0.220711676182661, 0.7182763714063017], "polydur1": [0.004030632670894358, 0.013822235733015928, 0.059400239240654754, 0.2498594470102654, 0.6728874453451695], "polydur2": [0.0046391789978390075, 0.015879082987028947, 0.067475525016128, 0.265843555548955, 0.6461626574500491], "comix3noage0": [0.04945006374736402, 0.009802694824045529, 0.04489805300272378, 0.22596273230339217, 0.6698864561224744], "comix3noage1": [0.05045578411816494, 0.009969940016203093, 0.04418439490441976, 0.23856494723873695, 0.6568249337224753], "comix3noage2": [0.059823801582225215, 0.011417662575537677, 0.047430603748124404, 0.23831498240121496, 0.6430129496928978], "comixanoage0": [0.012830517835624748, 0.015730815860859153, 0.03303303231271878, 0.1598044029490169, 0.7786012310417804], "comixanoage1": [0.02543440521597583, 0.028481318947942227, 0.04830051110408646, 0.17131725700010736, 0.7264665077318881], "comixanoage2": [0.029333603139331692, 0.032139160283030946, 0.05203637156643518, 0.17209594570117198, 0.7143949193100302], "comixbnoage0": [0.03271354883368351, 0.014173679015438518, 0.04928438556415822, 0.17047955870700734, 0.7333488278797125], "comixbnoage1": [0.054960891525343065, 0.0211219543509155, 0.0578198599783105, 0.1820368214857445, 0.6840604726596865], "comixbnoage2": [0.06155320130535367, 0.023093314044238214, 0.060231649403312576, 0.18318647587440787, 0.6719353593726877], "polynoage0": [0.002466164973258118, 0.008479336748114139, 0.03694519810904736, 0.2034046826753206, 0.7487046174942599], "polynoage1": [0.003012437839192032, 0.010379330719740343, 0.04492437701815807, 0.2271087351074813, 0.7145751193154283], "polynoage2": [0.003684057714131671, 0.012603041488432231, 0.054025231477721196, 0.24428398233183793, 0.6854036869878769], "comix3sbm_dur0": [0.03196719154164901, 0.006427658589411688, 0.029774769010968132, 0.19755672017192555, 0.7342736606860456], "comix3sbm_dur1": [0.07870536583345077, 0.014554005382644682, 0.053362011009054515, 0.23767411925920312, 0.615704498515647], "comix3sbm_dur2": [0.1915092147782812, 0.028387591676078336, 0.0702143541034339, 0.2210798823010026, 0.4888089571412039], "comixasbm_dur0": [0.004978849786065913, 0.00635077847877507, 0.014932423375046971, 0.1368304737617681, 0.836907474598344], "comixasbm_dur1": [0.037126170462252216, 0.03572460197695356, 0.04662500176455194, 0.1819412549117469, 0.6985829708844954], "comixbsbm_dur0": [0.013368476075255896, 0.0060277711994143396, 0.023177008264030664, 0.13790719674847687, 0.8195195477128222], "comixbsbm_dur1": [0.10261847104144878, 0.03296917511490683, 0.0656146484115082, 0.16869873679375694, 0.6300989686383791], "polysbm_dur0": [0.003229037874377484, 0.011079967428061568, 0.04804233991687124, 0.23062481738882065, 0.707023837391869], "polysbm_dur1": [0.003969423162103732, 0.013592549120872762, 0.05824773855518759, 0.253618262107057, 0.6705720270547788], "polysbm_dur2": [0.004552058266291551, 0.015526003194195625, 0.06565053332730927, 0.26977499482492656, 0.6444964103872769]}