{"comix3dur0": [0.08473719284273727, 0.30227547518090175, 0.10002836587536083, 0.06420224103485883, 0.1279579006718806, 0.19565849931694196, 0.09035774166172805, 0.02181655810720714, 0.012966025308383538], "comix3dur1": [0.08335568783004729, 0.26681766997526807, 0.09890343533034499, 0.08280113334786077, 0.1350601964475293, 0.19222406297246675, 0.0921976978343893, 0.030002370108175355, 0.018637746153918354], "comix3dur2": [0.07616891934605705, 0.23701477225527584, 0.09727344067936053, 0.10276915433392618, 0.13501420072935025, 0.18604934446862623, 0.09671104714544652, 0.042641778364337884, 0.026357342677619584], "comixadur0": [0.06421652480833698, 0.14888727898542287, 0.09877930014355815, 0.15345218757543855, 0.17376224290352837, 0.188946762647538, 0.12202302710684335, 0.036942831172219436, 0.012989844657114292], "comixadur1": [0.050031677198998904, 0.11711886371916756, 0.08773895482574358, 0.1727092816295593, 0.17209796572760291, 0.18635663130613822, 0.13879775726227195, 0.05591337363074881, 0.019235494699768867], "comixadur2": [0.0482698036787378, 0.11249776618635603, 0.08488187690655581, 0.1728636321138556, 0.17307563462080558, 0.18625310742587953, 0.1411057150193417, 0.059922855896467404, 0.02112960815200066], "comixbdur0": [0.12822811945452461, 0.20390449274731082, 0.059868230996512506, 0.09371896403938187, 0.18378699870400625, 0.1939288897779059, 0.09018473306192305, 0.03493314765161138, 0.011446423566823691], "comixbdur1": [0.10771115998489578, 0.16343070002144833, 0.05650673396397627, 0.11458212121440443, 0.16964598386884694, 0.18967102748912124, 0.11819280849119372, 0.06201171130085232, 0.01824775366526103], "comixbdur2": [0.10151623677145705, 0.1525059550131799, 0.05501922894462707, 0.11978187959184239, 0.1648202128426019, 0.18778383204077553, 0.12649469344646033, 0.07136323428507713, 0.020714727063978745], "polydur0": [0.024810126630588625, 0.26418178294647565, 0.38367859404631366, 0.11186775860184207, 0.08622382265516827, 0.08062513181950885, 0.035345090866102914, 0.006627722392310826, 0.0066399700416892495], "polydur1": [0.03974569754154997, 0.19120145739231817, 0.20693266830162452, 0.2039283515576064, 0.1414374887775447, 0.12419753931789418, 0.0682631316389069, 0.013840119607876093, 0.010453545864678945], "polydur2": [0.04036857644749396, 0.17445060180968286, 0.18757408976717455, 0.2096192502022053, 0.1476803093865216, 0.1322599053013317, 0.07827883212112555, 0.017292506695725362, 0.012475928268739153], "comix3sbm0": [0.027920840769089624, 0.48729785079356486, 0.33088980624365283, 0.027453416308684052, 0.020063934439544663, 0.02638101616782926, 0.015152766350997061, 0.059456310200485245, 0.005384058726152416], "comix3sbm1": [0.033477818286919106, 0.3948997632708949, 0.2699481878235089, 0.05843058938914708, 0.04378597482186305, 0.047545484793816005, 0.03433191193301342, 0.10196573568373825, 0.0156145339970995], "comix3sbm2": [0.03564025253956938, 0.3247812457952936, 0.2225907550602289, 0.08397271625088021, 0.06358238259687783, 0.06554593261521664, 0.05013151158137648, 0.12724121113091494, 0.026513992429642058], "comixasbm0": [0.009663552779803705, 0.046205210493174755, 0.03043977854101248, 0.2048748379036662, 0.16797567119367263, 0.16833153788066585, 0.1908441533898608, 0.11679265703344015, 0.06487260078470354], "comixasbm1": [0.010967551176475002, 0.04862788910894031, 0.03223428601740688, 0.20078653074338573, 0.16572174695288086, 0.16514327223378844, 0.18678374627966995, 0.11706568459982952, 0.0726692928876232], "comixbsbm0": [0.02291232699607559, 0.047876221588461804, 0.025371328693710813, 0.20156847577991138, 0.14008592850464144, 0.15084460629882987, 0.23838168234203036, 0.12523641981766315, 0.04772300997867553], "comixbsbm1": [0.024714661518773544, 0.05084767497773371, 0.027333769391916275, 0.19764420802379798, 0.1409458091308618, 0.14971697125231528, 0.22993131432301125, 0.12458736865687872, 0.05427822272471129], "polysbm0": [0.004607678505896973, 0.04696345893111689, 0.05912665711664389, 0.27241410563699575, 0.19096119429827713, 0.18181830049594627, 0.134730238606747, 0.07790681549579853, 0.03147155091257751], "polysbm1": [0.005448955344829179, 0.049241140162842985, 0.05625632040704368, 0.26332142426172117, 0.18928525198206728, 0.1804150984527193, 0.13773540278257682, 0.08201940033573292, 0.03627700627046658], "polysbm2": [0.005522014882248254, 0.04903509775870205, 0.05651985961306956, 0.26281566432530457, 0.1893600510294819, 0.1807332423446994, 0.13735398142809213, 0.08188803550259549, 0.03677205311580679], "comix3nodur0": [0.010668669664499598, 0.21602145212746496, 0.16543102740689172, 0.1179647275173837, 0.07580464266523938, 0.09714679802326684, 0.06658997463510935, 0.23034967893366337, 0.020023029026480964], "comix3nodur1": [0.014958673432301882, 0.1726878511160328, 0.13108383120446265, 0.1348005077371744, 0.09707000447160812, 0.11520945693458766, 0.07966451922566445, 0.22499003640314658, 0.029535119475021424], "comix3nodur2": [0.01754946283590227, 0.15688443082396358, 0.11588394684492752, 0.14079453719864263, 0.10487520263391328, 0.1236134213284565, 0.08541894406020108, 0.22101165457628297, 0.0339683996977101], "comixanodur0": [0.017259233027389978, 0.032694566450059505, 0.031819895060997465, 0.09793000524866713, 0.2108280063500941, 0.17286933368752008, 0.2720507558312936, 0.11635377519921196, 0.04819442914476622], "comixanodur1": [0.03192682280936952, 0.05806470319439578, 0.052772759783860014, 0.12426415335173036, 0.18428796645410864, 0.16977716750490549, 0.21644681099105945, 0.11172953028843106, 0.05073008562213971], "comixanodur2": [0.03882188690049555, 0.07064042135098225, 0.06326616406943175, 0.13622890301379367, 0.17282295950037688, 0.16774796734920067, 0.1915405491435889, 0.10704273140657579, 0.05188841726555467], "comixbnodur0": [0.027826477739363906, 0.02264359417166649, 0.014001581399102694, 0.13381636502609834, 0.08483868829630509, 0.13442466704281628, 0.37297316817921233, 0.17309165515807562, 0.0363838029873593], "comixbnodur1": [0.04329387198929129, 0.03717782160588309, 0.020469248283686712, 0.139570375356183, 0.09847607430668896, 0.13657613607039887, 0.3225108575294592, 0.16221492102587817, 0.03971069383253083], "comixbnodur2": [0.053059332672703, 0.049199612920243045, 0.026398182042492224, 0.14265008873721619, 0.10755064140146782, 0.13880952214726586, 0.2889273359107793, 0.15070419036001967, 0.0427010938078127], "polynodur0": [0.019412177657998894, 0.1019904464863986, 0.14882955136841175, 0.2355077494885362, 0.16763140490729683, 0.15961595842510215, 0.10659711435282673, 0.04047024916338448, 0.01994534815004439], "polynodur1": [0.0238710991645399, 0.0922186279917448, 0.11826527774330121, 0.23062512730112938, 0.17402811898927906, 0.16524826634474352, 0.118357018985334, 0.050146097548094376, 0.027240365931833592], "polynodur2": [0.025110303023917084, 0.09130781341626928, 0.11511725875780088, 0.22691477933954068, 0.17269536224857543, 0.1642534360751755, 0.1208750483869461, 0.05337376581310023, 0.03035223293867495], "comix3sbm_dur0": [0.1886964628601298, 0.23352472633588067, 0.09555093595449694, 0.06097632756689595, 0.16217179018044586, 0.15350367832222717, 0.059043828615486633, 0.02887217054087559, 0.017660079623561392], "comix3sbm_dur1": [0.15611508322831424, 0.21205648184557913, 0.11605331569417886, 0.07618359042210401, 0.14077291711803502, 0.1419440352963017, 0.07236599741739887, 0.05291193476480722, 0.03159664421328093], "comix3sbm_dur2": [0.13236763793064732, 0.21767890968881395, 0.1366074679328133, 0.08097045076169479, 0.12161890153793671, 0.12804514780324946, 0.07101008925433025, 0.07430291557822825, 0.03739847951228591], "comixasbm_dur0": [0.14650265645550914, 0.1530547163557038, 0.1250891293549218, 0.12325225028131583, 0.16049585357939827, 0.15517631410708618, 0.1003802025005788, 0.02808632022766531, 0.007962557137820734],